timestamp,value,n
2026-05-10T13:00:00Z,67.3005,674
2026-05-10T14:00:00Z,66.5185,868
2026-05-10T15:00:00Z,66.376,723
2026-05-10T16:00:00Z,67.9206,777
2026-05-10T17:00:00Z,62.227,924
2026-05-10T18:00:00Z,66.4478,920
2026-05-10T19:00:00Z,61.5519,950
2026-05-10T20:00:00Z,65.3566,975
2026-05-10T21:00:00Z,66.5428,976
2026-05-10T22:00:00Z,74.1123,941
2026-05-10T23:00:00Z,70.2153,969
2026-05-11T00:00:00Z,70.0279,960
2026-05-11T01:00:00Z,69.4899,959
2026-05-11T02:00:00Z,69.6242,976
2026-05-11T03:00:00Z,72.9676,972
2026-05-11T04:00:00Z,69.355,976
2026-05-11T05:00:00Z,67.3274,919
2026-05-11T06:00:00Z,67.2839,902
2026-05-11T07:00:00Z,65.5826,681
2026-05-11T08:00:00Z,67.2365,450
2026-05-11T09:00:00Z,66.7885,413
2026-05-11T10:00:00Z,65.9094,475
2026-05-11T11:00:00Z,65.083,476
2026-05-11T12:00:00Z,63.2396,439
2026-05-11T13:00:00Z,59.156,342
2026-05-11T14:00:00Z,61.8043,421
2026-05-11T15:00:00Z,63.5787,438
2026-05-11T16:00:00Z,63.4137,473
2026-05-11T17:00:00Z,57.4675,909
2026-05-11T18:00:00Z,57.8805,974
2026-05-11T19:00:00Z,62.7467,968
2026-05-11T20:00:00Z,65.7934,975
2026-05-11T21:00:00Z,66.8986,987
2026-05-11T22:00:00Z,63.4519,994
2026-05-11T23:00:00Z,64.6377,996
2026-05-12T00:00:00Z,66.2331,987
2026-05-12T01:00:00Z,68.0142,977
2026-05-12T02:00:00Z,67.4624,1000
2026-05-12T03:00:00Z,71.8353,935
2026-05-12T04:00:00Z,72.1899,981
2026-05-12T05:00:00Z,69.7932,446
2026-05-12T06:00:00Z,73.548,301
2026-05-12T07:00:00Z,65.228,133
2026-05-12T08:00:00Z,62.1713,230
2026-05-12T09:00:00Z,54.9222,436
2026-05-12T10:00:00Z,56.8654,243
2026-05-12T11:00:00Z,57.8279,588
2026-05-12T12:00:00Z,56.1402,740
2026-05-12T13:00:00Z,58.6366,607
2026-05-12T14:00:00Z,53.1124,469
2026-05-12T15:00:00Z,53.5286,686
2026-05-12T16:00:00Z,53.0482,347
2026-05-12T17:00:00Z,56.9362,472
2026-05-12T18:00:00Z,58.8538,767
2026-05-12T19:00:00Z,59.7349,736
2026-05-12T20:00:00Z,60.5405,771
2026-05-12T21:00:00Z,64.4974,707
2026-05-12T22:00:00Z,63.7529,719
2026-05-12T23:00:00Z,65.2569,641
2026-05-13T00:00:00Z,67.7364,585
2026-05-13T01:00:00Z,69.8487,839
2026-05-13T02:00:00Z,71.7708,777
2026-05-13T03:00:00Z,71.8145,728
2026-05-13T04:00:00Z,70.6776,816
2026-05-13T05:00:00Z,66.541,618
2026-05-13T06:00:00Z,70.4682,815
2026-05-13T07:00:00Z,68.3578,604
2026-05-13T08:00:00Z,66.2028,703
2026-05-13T09:00:00Z,63.2619,703
2026-05-13T10:00:00Z,58.9987,768
2026-05-13T11:00:00Z,57.8167,747
2026-05-13T12:00:00Z,60.6669,782
2026-05-13T13:00:00Z,62.0142,767
2026-05-13T14:00:00Z,63.5315,764
2026-05-13T15:00:00Z,64.2053,755
2026-05-13T16:00:00Z,67.4059,793
2026-05-13T17:00:00Z,73.1546,766
2026-05-13T18:00:00Z,78.5453,783
2026-05-13T19:00:00Z,83.3538,792
2026-05-13T20:00:00Z,81.2994,854
2026-05-13T21:00:00Z,78.8754,796
2026-05-13T22:00:00Z,77.3727,718
2026-05-13T23:00:00Z,75.61,788
2026-05-14T00:00:00Z,73.0792,676
2026-05-14T01:00:00Z,72.0688,761
2026-05-14T02:00:00Z,71.734,712
2026-05-14T03:00:00Z,72.8236,791
2026-05-14T04:00:00Z,69.807,738
2026-05-14T05:00:00Z,68.8778,618
2026-05-14T06:00:00Z,65.5348,747
2026-05-14T07:00:00Z,68.5693,781
2026-05-14T08:00:00Z,62.3944,776
2026-05-14T09:00:00Z,60.5503,828
2026-05-14T10:00:00Z,58.251,802
2026-05-14T11:00:00Z,61.5154,844
2026-05-14T12:00:00Z,63.4971,785
2026-05-14T13:00:00Z,62.0476,844
2026-05-14T14:00:00Z,63.8097,798
2026-05-14T15:00:00Z,59.8966,790
2026-05-14T16:00:00Z,63.4057,786
2026-05-14T17:00:00Z,67.011,804
2026-05-14T18:00:00Z,65.081,876
2026-05-14T19:00:00Z,64.5105,885
2026-05-14T20:00:00Z,64.165,874
2026-05-14T21:00:00Z,66.4686,849
2026-05-14T22:00:00Z,65.7638,868
2026-05-14T23:00:00Z,67.4886,816
2026-05-15T00:00:00Z,69.1334,885
2026-05-15T01:00:00Z,71.4134,833
2026-05-15T02:00:00Z,71.1861,892
2026-05-15T03:00:00Z,70.2968,847
2026-05-15T04:00:00Z,72.2318,860
2026-05-15T05:00:00Z,69.1568,813
2026-05-15T06:00:00Z,66.4812,767
2026-05-15T07:00:00Z,60.6563,743
2026-05-15T08:00:00Z,56.7001,691
2026-05-15T09:00:00Z,55.9259,498
2026-05-15T10:00:00Z,53.62,791
2026-05-15T11:00:00Z,57.4176,849
2026-05-15T12:00:00Z,52.9095,838
2026-05-15T13:00:00Z,61.1027,845
2026-05-15T14:00:00Z,73.1081,801
2026-05-15T15:00:00Z,63.049,717
2026-05-15T16:00:00Z,68.5793,809
2026-05-15T17:00:00Z,68.3733,823
2026-05-15T18:00:00Z,67.8244,923
2026-05-15T19:00:00Z,71.3106,952
2026-05-15T20:00:00Z,66.8048,974
2026-05-15T21:00:00Z,66.8076,976
2026-05-15T22:00:00Z,63.2671,976
2026-05-15T23:00:00Z,64.2104,975
2026-05-16T00:00:00Z,64.5731,976
2026-05-16T01:00:00Z,63.7953,885
2026-05-16T02:00:00Z,63.4518,977
2026-05-16T03:00:00Z,68.1036,976
2026-05-16T04:00:00Z,78.6792,957
2026-05-16T05:00:00Z,80.6096,971
2026-05-16T06:00:00Z,77.6876,868
2026-05-16T07:00:00Z,74.2088,975
2026-05-16T08:00:00Z,67.9949,967
2026-05-16T09:00:00Z,62.8325,923
2026-05-16T10:00:00Z,68.7651,931
2026-05-16T11:00:00Z,69.0917,973
2026-05-16T12:00:00Z,65.4003,969
2026-05-16T13:00:00Z,73.5644,975
2026-05-16T14:00:00Z,75.2302,976
2026-05-16T15:00:00Z,68.8302,976
2026-05-16T16:00:00Z,72.2651,969
2026-05-16T17:00:00Z,72.628,976
2026-05-16T18:00:00Z,69.5063,976
2026-05-16T19:00:00Z,72.5284,975
2026-05-16T20:00:00Z,75.743,968
2026-05-16T21:00:00Z,74.3479,973
2026-05-16T22:00:00Z,75.3092,976
2026-05-16T23:00:00Z,74.8364,976
2026-05-17T00:00:00Z,73.4792,976
2026-05-17T01:00:00Z,75.5353,977
2026-05-17T02:00:00Z,75.3374,974
2026-05-17T03:00:00Z,72.504,976
2026-05-17T04:00:00Z,67.9607,976
2026-05-17T05:00:00Z,68.1851,921
2026-05-17T06:00:00Z,68.0925,946
2026-05-17T07:00:00Z,63.6868,942
2026-05-17T08:00:00Z,59.4705,853
2026-05-17T09:00:00Z,59.0723,849
2026-05-17T10:00:00Z,59.3091,809
2026-05-17T11:00:00Z,56.0634,802
2026-05-17T12:00:00Z,52.8649,920
2026-05-17T13:00:00Z,50.4805,976
2026-05-17T14:00:00Z,50.2823,973
2026-05-17T15:00:00Z,55.8769,972
2026-05-17T16:00:00Z,53.9237,958
2026-05-17T17:00:00Z,57.0145,963
2026-05-17T18:00:00Z,60.2472,975
2026-05-17T19:00:00Z,65.0766,975
2026-05-17T20:00:00Z,69.5123,971
2026-05-17T21:00:00Z,71.9307,976
2026-05-17T22:00:00Z,74.7529,976
2026-05-17T23:00:00Z,80.3643,976
2026-05-18T00:00:00Z,85.866,975
2026-05-18T01:00:00Z,86.6579,975
2026-05-18T02:00:00Z,85.2518,976
2026-05-18T03:00:00Z,79.1007,975
2026-05-18T04:00:00Z,77.4508,976
2026-05-18T05:00:00Z,72.7219,976
2026-05-18T06:00:00Z,68.5507,976
2026-05-18T07:00:00Z,65.6104,976
2026-05-18T08:00:00Z,62.7098,973
2026-05-18T09:00:00Z,57.1093,965
2026-05-18T10:00:00Z,57.6035,858
2026-05-18T11:00:00Z,55.2887,930
2026-05-18T12:00:00Z,56.5267,867
2026-05-18T13:00:00Z,60.811,815
2026-05-18T14:00:00Z,62.1336,772
2026-05-18T15:00:00Z,63.4323,791
2026-05-18T16:00:00Z,65.3413,747
2026-05-18T17:00:00Z,67.2737,737
2026-05-18T18:00:00Z,69.5537,973
2026-05-18T19:00:00Z,75.4141,871
2026-05-18T20:00:00Z,74.6843,732
2026-05-18T21:00:00Z,76.1682,764
2026-05-18T22:00:00Z,78.2087,796
2026-05-18T23:00:00Z,78.2597,815
2026-05-19T00:00:00Z,74.6877,781
2026-05-19T01:00:00Z,80.2718,724
2026-05-19T02:00:00Z,84.1088,834
2026-05-19T03:00:00Z,84.5722,767
2026-05-19T04:00:00Z,81.8904,785
2026-05-19T05:00:00Z,76.6808,819
2026-05-19T06:00:00Z,74.9236,833
2026-05-19T07:00:00Z,71.2657,863
2026-05-19T08:00:00Z,67.5667,781
2026-05-19T09:00:00Z,64.0813,858
2026-05-19T10:00:00Z,67.1309,782
2026-05-19T11:00:00Z,66.4174,804
2026-05-19T12:00:00Z,67.3245,778
2026-05-19T13:00:00Z,66.8006,828
2026-05-19T14:00:00Z,68.5337,793
2026-05-19T15:00:00Z,69.7235,864
2026-05-19T16:00:00Z,70.9746,776
2026-05-19T17:00:00Z,83.0178,767
2026-05-19T18:00:00Z,87.9781,815
2026-05-19T19:00:00Z,94.4372,800
2026-05-19T20:00:00Z,90.0588,822
2026-05-19T21:00:00Z,90.7082,946
2026-05-19T22:00:00Z,84.7498,513
2026-05-19T23:00:00Z,83.4745,754
2026-05-20T00:00:00Z,80.7522,741
2026-05-20T01:00:00Z,81.533,604
2026-05-20T02:00:00Z,84.618,618
2026-05-20T03:00:00Z,81.7206,693
2026-05-20T04:00:00Z,83.4785,559
2026-05-20T05:00:00Z,74.096,716
2026-05-20T06:00:00Z,68.7735,775
2026-05-20T07:00:00Z,69.3361,699
2026-05-20T08:00:00Z,69.0744,692
2026-05-20T09:00:00Z,67.8635,809
2026-05-20T10:00:00Z,63.9334,812
2026-05-20T11:00:00Z,62.7221,776
2026-05-20T12:00:00Z,68.1008,784
2026-05-20T13:00:00Z,64.1711,821
2026-05-20T14:00:00Z,61.2159,842
2026-05-20T15:00:00Z,63.435,497
2026-05-20T16:00:00Z,67.9878,351
2026-05-20T17:00:00Z,66.1767,654
2026-05-20T18:00:00Z,67.4887,445
2026-05-20T19:00:00Z,72.0338,418
2026-05-20T20:00:00Z,73.2615,307
2026-05-20T21:00:00Z,74.1253,213
2026-05-20T22:00:00Z,73.5625,74
2026-05-20T23:00:00Z,72.0485,262
2026-05-21T00:00:00Z,73.8324,271
2026-05-21T01:00:00Z,73.7973,576
2026-05-21T02:00:00Z,78.7562,346
2026-05-21T03:00:00Z,79.3582,350
2026-05-21T04:00:00Z,81.6069,324
2026-05-21T05:00:00Z,72.094,679
2026-05-21T06:00:00Z,74.2454,345
2026-05-21T07:00:00Z,68.144,547
2026-05-21T08:00:00Z,68.842,553
2026-05-21T09:00:00Z,60.8829,761
2026-05-21T10:00:00Z,62.3325,617
2026-05-21T11:00:00Z,62.0608,771
2026-05-21T12:00:00Z,60.7302,540
2026-05-21T13:00:00Z,60.5435,175
2026-05-21T14:00:00Z,67.2077,403
2026-05-21T15:00:00Z,66.0786,182
2026-05-21T16:00:00Z,61.9006,821
2026-05-21T17:00:00Z,64.0673,809
2026-05-21T18:00:00Z,66.7778,882
2026-05-21T19:00:00Z,69.2586,895
2026-05-21T20:00:00Z,72.7592,831
2026-05-21T21:00:00Z,70.1547,795
2026-05-21T22:00:00Z,68.1334,879
2026-05-21T23:00:00Z,68.5793,814
2026-05-22T00:00:00Z,68.8259,884
2026-05-22T01:00:00Z,73.5507,871
2026-05-22T02:00:00Z,79.8386,861
2026-05-22T03:00:00Z,76.1509,860
2026-05-22T04:00:00Z,74.9562,852
2026-05-22T05:00:00Z,76.4542,875
2026-05-22T06:00:00Z,69.4935,877
2026-05-22T07:00:00Z,70.4533,861
2026-05-22T08:00:00Z,64.2622,869
2026-05-22T09:00:00Z,62.1987,884
2026-05-22T10:00:00Z,61.9708,879
2026-05-22T11:00:00Z,62.7734,885
2026-05-22T12:00:00Z,62.6217,879
2026-05-22T13:00:00Z,60.4072,842
2026-05-22T14:00:00Z,63.1996,870
2026-05-22T15:00:00Z,64.167,784
2026-05-22T16:00:00Z,62.1659,499
2026-05-22T17:00:00Z,66.3533,738
2026-05-22T18:00:00Z,67.5666,525
2026-05-22T19:00:00Z,65.3741,387
2026-05-22T20:00:00Z,72.3528,309
2026-05-22T21:00:00Z,74.2674,332
2026-05-22T22:00:00Z,74.6075,326
2026-05-22T23:00:00Z,75.4632,359
2026-05-23T00:00:00Z,75.0532,351
2026-05-23T01:00:00Z,71.1157,478
2026-05-23T02:00:00Z,78.4875,327
2026-05-23T03:00:00Z,80.0226,168
2026-05-23T04:00:00Z,77.3816,364
2026-05-23T05:00:00Z,76.6071,474
2026-05-23T06:00:00Z,88.82,354
2026-05-23T07:00:00Z,82.4876,451
2026-05-23T08:00:00Z,79.2228,165
2026-05-23T09:00:00Z,69.8639,492
2026-05-23T10:00:00Z,70.3538,348
2026-05-23T11:00:00Z,63.5111,648
2026-05-23T12:00:00Z,62.2686,725
2026-05-23T13:00:00Z,63.6399,686
2026-05-23T14:00:00Z,65.0963,263
2026-05-23T15:00:00Z,58.8228,187
2026-05-23T16:00:00Z,60.799,584
2026-05-23T17:00:00Z,63.0706,747
2026-05-23T18:00:00Z,63.7719,975
2026-05-23T19:00:00Z,64.9168,975
2026-05-23T20:00:00Z,64.923,964
2026-05-23T21:00:00Z,67.5311,973
2026-05-23T22:00:00Z,68.4998,975
2026-05-23T23:00:00Z,68.7081,976
2026-05-24T00:00:00Z,70.2581,975
2026-05-24T01:00:00Z,77.3024,976
2026-05-24T02:00:00Z,74.359,975
2026-05-24T03:00:00Z,81.2525,976
2026-05-24T04:00:00Z,84.8077,975
2026-05-24T05:00:00Z,87.5104,892
2026-05-24T06:00:00Z,81.9803,857
2026-05-24T07:00:00Z,76.4927,867
2026-05-24T08:00:00Z,69.5573,897
2026-05-24T09:00:00Z,65.7416,889
2026-05-24T10:00:00Z,62.5112,890
2026-05-24T11:00:00Z,65.0295,882
2026-05-24T12:00:00Z,58.1459,913
2026-05-24T13:00:00Z,61.1299,931
2026-05-24T14:00:00Z,58.6361,896
2026-05-24T15:00:00Z,62.3876,885
2026-05-24T16:00:00Z,57.4349,897
2026-05-24T17:00:00Z,59.6976,940
2026-05-24T18:00:00Z,62.5579,942
2026-05-24T19:00:00Z,64.7129,945
2026-05-24T20:00:00Z,67.2333,942
2026-05-24T21:00:00Z,69.6099,954
2026-05-24T22:00:00Z,68.9649,950
2026-05-24T23:00:00Z,67.8234,954
2026-05-25T00:00:00Z,68.2447,970
2026-05-25T01:00:00Z,73.0511,959
2026-05-25T02:00:00Z,74.5393,956
2026-05-25T03:00:00Z,78.6004,958
2026-05-25T04:00:00Z,75.745,949
2026-05-25T05:00:00Z,77.8959,963
2026-05-25T06:00:00Z,72.0317,957
2026-05-25T07:00:00Z,70.7035,960
2026-05-25T08:00:00Z,67.4967,963
2026-05-25T09:00:00Z,65.3387,965
2026-05-25T10:00:00Z,59.9525,963
2026-05-25T11:00:00Z,61.4536,934
2026-05-25T12:00:00Z,58.1705,956
2026-05-25T13:00:00Z,54.7921,962
2026-05-25T14:00:00Z,54.5914,963
2026-05-25T15:00:00Z,54.0669,958
2026-05-25T16:00:00Z,57.0795,927
2026-05-25T17:00:00Z,59.1914,932
2026-05-25T18:00:00Z,63.2821,943
2026-05-25T19:00:00Z,65.0526,949
2026-05-25T20:00:00Z,66.0402,933
2026-05-25T21:00:00Z,69.4997,939
2026-05-25T22:00:00Z,70.8647,954
2026-05-25T23:00:00Z,76.8865,959
2026-05-26T00:00:00Z,78.9971,957
2026-05-26T01:00:00Z,84.3647,958
2026-05-26T02:00:00Z,84.3763,962
2026-05-26T03:00:00Z,81.8233,961
2026-05-26T04:00:00Z,78.9806,950
2026-05-26T05:00:00Z,75.2584,936
2026-05-26T06:00:00Z,74.6127,941
2026-05-26T07:00:00Z,68.5755,925
2026-05-26T08:00:00Z,62.9647,952
2026-05-26T09:00:00Z,62.3103,960
2026-05-26T10:00:00Z,63.0606,950
2026-05-26T11:00:00Z,62.8865,967
2026-05-26T12:00:00Z,65.7346,958
2026-05-26T13:00:00Z,61.3244,954
2026-05-26T14:00:00Z,63.1973,958
2026-05-26T15:00:00Z,61.5155,965
2026-05-26T16:00:00Z,62.3172,867
2026-05-26T17:00:00Z,63.6764,952
2026-05-26T18:00:00Z,65.4191,919
2026-05-26T19:00:00Z,68.8261,523
2026-05-26T20:00:00Z,70.8821,311
2026-05-26T21:00:00Z,77.0278,105
2026-05-26T22:00:00Z,57.9159,13
2026-05-26T23:00:00Z,79.6947,12
2026-05-27T00:00:00Z,96.3945,64
2026-05-27T01:00:00Z,93.2772,213
2026-05-27T02:00:00Z,91.4428,73
2026-05-27T03:00:00Z,89.7059,121
2026-05-27T04:00:00Z,85.0059,100
2026-05-27T05:00:00Z,88.0262,68
2026-05-27T06:00:00Z,73.8815,739
2026-05-27T07:00:00Z,65.438,848
2026-05-27T08:00:00Z,65.6874,792
2026-05-27T09:00:00Z,62.1873,808
2026-05-27T10:00:00Z,62.5155,899
2026-05-27T11:00:00Z,61.7105,844
2026-05-27T12:00:00Z,62.1126,743
2026-05-27T13:00:00Z,60.5761,896
2026-05-27T14:00:00Z,61.736,626
2026-05-27T15:00:00Z,60.7277,515
2026-05-27T16:00:00Z,62.9481,907
2026-05-27T17:00:00Z,66.0605,934
2026-05-27T18:00:00Z,71.8426,939
2026-05-27T19:00:00Z,77.5565,475
2026-05-27T20:00:00Z,78.4114,884
2026-05-27T21:00:00Z,84.7685,740
2026-05-27T22:00:00Z,86.2867,905
2026-05-27T23:00:00Z,84.3954,932
2026-05-28T00:00:00Z,86.7795,927
2026-05-28T01:00:00Z,88.7917,932
2026-05-28T02:00:00Z,90.2078,608
2026-05-28T03:00:00Z,89.1224,935
2026-05-28T04:00:00Z,88.8876,619
2026-05-28T05:00:00Z,83.8194,684
2026-05-28T06:00:00Z,83.6144,873
2026-05-28T07:00:00Z,79.8722,913
2026-05-28T08:00:00Z,73.9483,900
2026-05-28T09:00:00Z,71.5812,926
2026-05-28T10:00:00Z,66.8233,919
2026-05-28T11:00:00Z,66.3951,954
2026-05-28T12:00:00Z,64.3597,923
2026-05-28T13:00:00Z,68.218,942
2026-05-28T14:00:00Z,69.44,953
2026-05-28T15:00:00Z,68.8601,936
2026-05-28T16:00:00Z,69.2406,906
2026-05-28T17:00:00Z,70.388,928
2026-05-28T18:00:00Z,72.565,942
2026-05-28T19:00:00Z,75.9037,941
2026-05-28T20:00:00Z,82.5379,909
2026-05-28T21:00:00Z,82.5535,892
2026-05-28T22:00:00Z,84.6576,887
2026-05-28T23:00:00Z,88.5798,946
2026-05-29T00:00:00Z,80.1203,894
2026-05-29T01:00:00Z,77.4512,921
2026-05-29T02:00:00Z,74.0483,889
2026-05-29T03:00:00Z,73.8085,887
2026-05-29T04:00:00Z,80.0632,927
2026-05-29T05:00:00Z,81.3118,943
2026-05-29T06:00:00Z,76.4593,967
2026-05-29T07:00:00Z,74.4175,930
2026-05-29T08:00:00Z,69.5008,918
2026-05-29T09:00:00Z,72.4863,581
2026-05-29T10:00:00Z,69.4553,781
2026-05-29T11:00:00Z,72.2124,628
2026-05-29T12:00:00Z,65.8364,773
2026-05-29T13:00:00Z,66.5308,576
2026-05-29T14:00:00Z,64.0481,650
2026-05-29T15:00:00Z,65.5378,702
2026-05-29T16:00:00Z,63.0962,719
2026-05-29T17:00:00Z,65.8762,736
2026-05-29T18:00:00Z,69.1924,573
2026-05-29T19:00:00Z,70.0981,761
2026-05-29T20:00:00Z,70.7337,513
2026-05-29T21:00:00Z,70.4926,767
2026-05-29T22:00:00Z,67.4584,954
2026-05-29T23:00:00Z,74.7732,933
2026-05-30T00:00:00Z,74.8953,970
2026-05-30T01:00:00Z,80.3717,967
2026-05-30T02:00:00Z,80.0129,933
2026-05-30T03:00:00Z,84.3925,760
2026-05-30T04:00:00Z,93.8534,265
2026-05-30T05:00:00Z,89.9202,259
2026-05-30T06:00:00Z,84.4989,41
2026-05-30T10:00:00Z,85.1797,1
2026-05-30T11:00:00Z,71.6042,98
2026-05-30T12:00:00Z,76.576,231
2026-05-30T13:00:00Z,76.4482,349
2026-05-30T14:00:00Z,75.2523,475
2026-05-30T15:00:00Z,72.9721,567
2026-05-30T16:00:00Z,79.3643,372
2026-05-30T17:00:00Z,88.2057,36
2026-05-30T18:00:00Z,79.4404,476
2026-05-30T19:00:00Z,76.6973,935
2026-05-30T20:00:00Z,82.6138,836
2026-05-30T21:00:00Z,82.7697,891
2026-05-30T22:00:00Z,87.0107,847
2026-05-30T23:00:00Z,87.8474,858
2026-05-31T00:00:00Z,86.7463,837
2026-05-31T01:00:00Z,82.3482,814
2026-05-31T02:00:00Z,81.3247,817
2026-05-31T03:00:00Z,80.9709,796
2026-05-31T04:00:00Z,81.576,899
2026-05-31T05:00:00Z,80.9375,814
2026-05-31T06:00:00Z,74.3298,855
2026-05-31T07:00:00Z,69.8113,840
2026-05-31T08:00:00Z,65.9667,813
2026-05-31T09:00:00Z,62.1819,828
2026-05-31T10:00:00Z,60.9601,868
2026-05-31T11:00:00Z,58.9886,831
2026-05-31T12:00:00Z,61.4964,825
2026-05-31T13:00:00Z,67.8519,844
2026-05-31T14:00:00Z,64.4046,928
2026-05-31T15:00:00Z,67.646,892
2026-05-31T16:00:00Z,66.3616,965
2026-05-31T17:00:00Z,64.9721,907
2026-05-31T18:00:00Z,69.606,895
2026-05-31T19:00:00Z,74.957,905
2026-05-31T20:00:00Z,80.4819,847
2026-05-31T21:00:00Z,81.9104,926
2026-05-31T22:00:00Z,85.4858,887
2026-05-31T23:00:00Z,80.5727,838
2026-06-01T00:00:00Z,74.9811,788
2026-06-01T01:00:00Z,73.5749,811
2026-06-01T02:00:00Z,73.0705,868
2026-06-01T03:00:00Z,70.2278,872
2026-06-01T04:00:00Z,68.4358,857
2026-06-01T05:00:00Z,65.4697,815
2026-06-01T06:00:00Z,67.3244,840
2026-06-01T07:00:00Z,65.6133,859
2026-06-01T08:00:00Z,65.8017,943
2026-06-01T09:00:00Z,62.7242,887
2026-06-01T10:00:00Z,63.2828,837
2026-06-01T11:00:00Z,62.1721,921
2026-06-01T12:00:00Z,66.5474,852
2026-06-01T13:00:00Z,66.3506,836
2026-06-01T14:00:00Z,66.1506,869
2026-06-01T15:00:00Z,71.6306,886
2026-06-01T16:00:00Z,72.923,811
2026-06-01T17:00:00Z,72.5188,869
2026-06-01T18:00:00Z,73.9127,851
2026-06-01T19:00:00Z,75.982,833
2026-06-01T20:00:00Z,75.8566,860
2026-06-01T21:00:00Z,71.4703,873
2026-06-01T22:00:00Z,75.3333,898
2026-06-01T23:00:00Z,72.6547,841
2026-06-02T00:00:00Z,76.2977,888
2026-06-02T01:00:00Z,72.5183,942
2026-06-02T02:00:00Z,73.5154,825
2026-06-02T03:00:00Z,75.0165,865
2026-06-02T04:00:00Z,79.4702,895
2026-06-02T05:00:00Z,73.6243,854
2026-06-02T06:00:00Z,76.4286,860
2026-06-02T07:00:00Z,68.3727,834
2026-06-02T08:00:00Z,68.2916,829
2026-06-02T09:00:00Z,66.5657,877
2026-06-02T10:00:00Z,65.5042,847
2026-06-02T11:00:00Z,66.3647,887
2026-06-02T12:00:00Z,68.8361,843
2026-06-02T13:00:00Z,66.7947,840
2026-06-02T14:00:00Z,69.6585,821
2026-06-02T15:00:00Z,72.0651,844
2026-06-02T16:00:00Z,72.5176,867
2026-06-02T17:00:00Z,73.4283,902
2026-06-02T18:00:00Z,75.7458,915
2026-06-02T19:00:00Z,73.1693,969
2026-06-02T20:00:00Z,76.5076,879
2026-06-02T21:00:00Z,78.4464,846
2026-06-02T22:00:00Z,83.5146,875
2026-06-02T23:00:00Z,80.0493,926
2026-06-03T00:00:00Z,80.0267,837
2026-06-03T01:00:00Z,91.6881,944
2026-06-03T02:00:00Z,87.6817,941
2026-06-03T03:00:00Z,82.1435,829
2026-06-03T04:00:00Z,76.0703,843
2026-06-03T05:00:00Z,73.9428,899
2026-06-03T06:00:00Z,72.2631,844
2026-06-03T07:00:00Z,69.0065,761
2026-06-03T08:00:00Z,67.7569,898
2026-06-03T09:00:00Z,66.7379,850
2026-06-03T10:00:00Z,65.3768,883
2026-06-03T11:00:00Z,51.6415,512
2026-06-03T12:00:00Z,59.658,706
2026-06-03T13:00:00Z,66.7314,956
2026-06-03T14:00:00Z,66.8747,971
2026-06-03T15:00:00Z,67.6449,974
2026-06-03T16:00:00Z,66.2063,974
2026-06-03T17:00:00Z,66.8631,964
2026-06-03T18:00:00Z,69.8419,974
2026-06-03T19:00:00Z,68.7327,974
2026-06-03T20:00:00Z,69.007,962
2026-06-03T21:00:00Z,70.2339,975
2026-06-03T22:00:00Z,66.8777,975
2026-06-03T23:00:00Z,64.996,973
2026-06-04T00:00:00Z,65.0758,976
2026-06-04T01:00:00Z,67.2324,977
2026-06-04T02:00:00Z,68.1278,976
2026-06-04T03:00:00Z,68.081,975
2026-06-04T04:00:00Z,68.1836,975
2026-06-04T05:00:00Z,66.4241,976
2026-06-04T06:00:00Z,70.8847,960
2026-06-04T07:00:00Z,76.2884,971
2026-06-04T08:00:00Z,76.9242,955
2026-06-04T09:00:00Z,75.4497,975
2026-06-04T10:00:00Z,73.2616,975
2026-06-04T11:00:00Z,76.1734,974
2026-06-04T12:00:00Z,67.1112,974
2026-06-04T13:00:00Z,68.7365,975
2026-06-04T14:00:00Z,68.5201,944
2026-06-04T15:00:00Z,64.23,977
2026-06-04T16:00:00Z,68.0632,976
2026-06-04T17:00:00Z,69.4435,939
2026-06-04T18:00:00Z,70.7507,976
2026-06-04T19:00:00Z,82.5628,974
2026-06-04T20:00:00Z,79.2094,976
2026-06-04T21:00:00Z,77.4743,976
2026-06-04T22:00:00Z,82.0636,975
2026-06-04T23:00:00Z,81.6387,977
2026-06-05T00:00:00Z,85.6031,975
2026-06-05T01:00:00Z,80.7893,977
2026-06-05T02:00:00Z,77.9644,976
2026-06-05T03:00:00Z,77.5953,975
2026-06-05T04:00:00Z,81.2378,976
2026-06-05T05:00:00Z,75.6294,976
2026-06-05T06:00:00Z,74.5033,954
2026-06-05T07:00:00Z,74.6976,966
2026-06-05T08:00:00Z,66.8867,961
2026-06-05T09:00:00Z,64.7732,975
2026-06-05T10:00:00Z,70.2231,966
2026-06-05T11:00:00Z,71.2473,973
2026-06-05T12:00:00Z,64.7956,974
2026-06-05T13:00:00Z,69.3317,968
2026-06-05T14:00:00Z,66.6932,973
2026-06-05T15:00:00Z,66.2682,967
2026-06-05T16:00:00Z,67.5654,973
2026-06-05T17:00:00Z,67.3018,975
2026-06-05T18:00:00Z,70.3,974
2026-06-05T19:00:00Z,69.6956,975
2026-06-05T20:00:00Z,73.1424,975
2026-06-05T21:00:00Z,78.8212,971
2026-06-05T22:00:00Z,73.0888,973
2026-06-05T23:00:00Z,72.0981,974
2026-06-06T00:00:00Z,77.656,976
2026-06-06T01:00:00Z,74.9951,976
2026-06-06T02:00:00Z,75.8515,976
2026-06-06T03:00:00Z,79.0402,976
2026-06-06T04:00:00Z,79.873,976
2026-06-06T05:00:00Z,77.1096,975
2026-06-06T06:00:00Z,77.5222,976
2026-06-06T07:00:00Z,72.3084,972
2026-06-06T08:00:00Z,70.4355,975
2026-06-06T09:00:00Z,68.0394,976
2026-06-06T10:00:00Z,65.8983,971
2026-06-06T11:00:00Z,56.5879,974
2026-06-06T12:00:00Z,58.1055,974
2026-06-06T13:00:00Z,61.3858,976
2026-06-06T14:00:00Z,62.9481,974
2026-06-06T15:00:00Z,62.8267,973
2026-06-06T16:00:00Z,61.7997,975
2026-06-06T17:00:00Z,64.4147,972
2026-06-06T18:00:00Z,71.851,968
2026-06-06T19:00:00Z,70.7201,975
2026-06-06T20:00:00Z,69.7362,973
2026-06-06T21:00:00Z,66.8697,970
2026-06-06T22:00:00Z,72.4319,969
2026-06-06T23:00:00Z,69.3501,968
2026-06-07T00:00:00Z,67.8712,976
2026-06-07T01:00:00Z,66.8745,976
2026-06-07T02:00:00Z,66.139,975
2026-06-07T03:00:00Z,67.9666,976
2026-06-07T04:00:00Z,73.6447,976
2026-06-07T05:00:00Z,70.4337,975
2026-06-07T06:00:00Z,64.5973,976
2026-06-07T07:00:00Z,63.3054,972
2026-06-07T08:00:00Z,58.5035,976
2026-06-07T09:00:00Z,56.7893,970
2026-06-07T10:00:00Z,53.6972,975
2026-06-07T11:00:00Z,54.5125,975
2026-06-07T12:00:00Z,54.3086,971
2026-06-07T13:00:00Z,53.014,974
2026-06-07T14:00:00Z,54.2266,973
2026-06-07T15:00:00Z,57.8843,969
2026-06-07T16:00:00Z,59.9275,973
2026-06-07T17:00:00Z,59.2564,972
2026-06-07T18:00:00Z,62.7681,973
2026-06-07T19:00:00Z,68.6724,976
2026-06-07T20:00:00Z,73.2899,975
2026-06-07T21:00:00Z,75.1189,963
2026-06-07T22:00:00Z,74.0633,966
2026-06-07T23:00:00Z,74.6122,976
2026-06-08T00:00:00Z,81.9318,975
2026-06-08T01:00:00Z,72.2873,976
2026-06-08T02:00:00Z,79.0003,975
2026-06-08T03:00:00Z,83.6448,976
2026-06-08T04:00:00Z,85.9818,975
2026-06-08T05:00:00Z,75.5631,976
2026-06-08T06:00:00Z,72.9419,975
2026-06-08T07:00:00Z,66.2977,962
2026-06-08T08:00:00Z,57.4382,973
2026-06-08T09:00:00Z,52.6185,975
2026-06-08T10:00:00Z,51.8799,974
2026-06-08T11:00:00Z,52.907,973
2026-06-08T12:00:00Z,55.1087,975
2026-06-08T13:00:00Z,54.4668,975
2026-06-08T14:00:00Z,59.0672,975
2026-06-08T15:00:00Z,57.9184,975
2026-06-08T16:00:00Z,61.856,976
2026-06-08T17:00:00Z,63.8578,951
2026-06-08T18:00:00Z,70.6011,948
2026-06-08T19:00:00Z,72.1693,922
2026-06-08T20:00:00Z,76.0837,946
2026-06-08T21:00:00Z,76.0407,974
2026-06-08T22:00:00Z,75.7471,976
2026-06-08T23:00:00Z,85.7881,976
2026-06-09T00:00:00Z,82.2633,961
2026-06-09T01:00:00Z,82.1733,976
2026-06-09T02:00:00Z,85.11,976
2026-06-09T03:00:00Z,80.5839,976
2026-06-09T04:00:00Z,75.756,976
2026-06-09T05:00:00Z,75.3106,976
2026-06-09T06:00:00Z,73.7788,975
2026-06-09T07:00:00Z,71.8699,975
2026-06-09T08:00:00Z,67.8424,976
2026-06-09T09:00:00Z,62.0936,975
2026-06-09T10:00:00Z,62.6163,974
2026-06-09T11:00:00Z,58.4573,976
2026-06-09T12:00:00Z,58.1781,974
2026-06-09T13:00:00Z,58.2043,975
2026-06-09T14:00:00Z,52.9473,975
2026-06-09T15:00:00Z,54.2124,976
2026-06-09T16:00:00Z,52.3647,976
2026-06-09T17:00:00Z,55.995,948
2026-06-09T18:00:00Z,56.782,958
2026-06-09T19:00:00Z,66.8391,972
2026-06-09T20:00:00Z,70.2468,968
2026-06-09T21:00:00Z,72.5629,974
2026-06-09T22:00:00Z,76.4527,975
2026-06-09T23:00:00Z,73.8266,975
2026-06-10T00:00:00Z,75.2458,975
2026-06-10T01:00:00Z,79.5025,975
2026-06-10T02:00:00Z,87.149,976
2026-06-10T03:00:00Z,87.7678,976
2026-06-10T04:00:00Z,85.7536,975
2026-06-10T05:00:00Z,82.1216,976
2026-06-10T06:00:00Z,74.9026,937
2026-06-10T07:00:00Z,69.322,976
2026-06-10T08:00:00Z,64.4995,960
2026-06-10T09:00:00Z,60.9699,950
2026-06-10T10:00:00Z,55.924,961
2026-06-10T11:00:00Z,52.6089,977
2026-06-10T12:00:00Z,52.7263,975
2026-06-10T13:00:00Z,51.1662,939
2026-06-10T14:00:00Z,50.6188,972
2026-06-10T15:00:00Z,49.887,973
2026-06-10T16:00:00Z,61.0873,139
